user_id,email,password_hash,created_at,role,image_url
20,qetynepyqe@mailinator.com,$2a$10$bJbGWOZ3n9Jhoge9R.d.EeP07vmQ3CoeAsx0DaK/kEgX3EI62mNZG,2025-04-30 13:19:13.94901,worker,https://images.pexels.com/photos/2379005/pexels-photo-2379005.jpeg?auto=compress&cs=tinysrgb&w=600
21,nakowobud@mailinator.com,$2a$10$PY3EyvWpi6lq7JI9cKHfCupi2w2rvwhkZbU/t9Ynfu5F56B42CZGu,2025-04-30 13:19:31.680368,worker,https://images.pexels.com/photos/774909/pexels-photo-774909.jpeg?auto=compress&cs=tinysrgb&w=600
22,gudev@mailinator.com,$2a$10$uDUMZfW5XMPgSDy3uv.ZHuSPgJ1oxL/QnEo.F6J1Qp0P72PX72/zW,2025-04-30 13:19:52.015128,worker,https://images.pexels.com/photos/1181686/pexels-photo-1181686.jpeg?auto=compress&cs=tinysrgb&w=600
23,tafe@mailinator.com,$2a$10$uG1k0a6f0d0LFLt37pDnvutYvxDbsd90bvTCGdXFpmAaJzY5LyXim,2025-04-30 13:20:09.651223,worker,https://images.pexels.com/photos/220453/pexels-photo-220453.jpeg?auto=compress&cs=tinysrgb&w=600
24,revisubyw@mailinator.com,$2a$10$lZntrGrcRWu/Fgkx3C9XKur/CYg.FpVsF8svW8FdfgD4/iNp6GMha,2025-04-30 13:20:30.912898,worker,https://images.pexels.com/photos/3768911/pexels-photo-3768911.jpeg?auto=compress&cs=tinysrgb&w=600
25,vuwumydy@mailinator.com,$2a$10$uoixebDAphQcgeTOkGVyie.6ElPtyKSyT8PFXFGcjb8H3QexUDyIS,2025-04-30 13:20:45.661263,worker,https://images.pexels.com/photos/614810/pexels-photo-614810.jpeg?auto=compress&cs=tinysrgb&w=600
26,kihi@mailinator.com,$2a$10$EkGA8iQxGOjjKKWJf921Du.ZmPfiYbVnwDATdlryt5ZqXOJh4oL3.,2025-04-30 13:21:02.683722,worker,https://images.pexels.com/photos/415829/pexels-photo-415829.jpeg?auto=compress&cs=tinysrgb&w=600
27,rowy@mailinator.com,$2a$10$zAiEUBFBlZnI7LSCw26Zs.cAFa5weep1nGMnQB5Tu6pB22exAAT.m,2025-04-30 13:21:18.208229,worker,https://images.pexels.com/photos/2253870/pexels-photo-2253870.jpeg?auto=compress&cs=tinysrgb&w=600
28,balywuqaz@mailinator.com,$2a$10$Ju501qv3KgRCPid8xYF/l./d/vGjIS0OJ7yo12pwPdgVdQw.sNtr.,2025-04-30 13:21:32.983426,worker,https://images.pexels.com/photos/3184192/pexels-photo-3184192.jpeg?auto=compress&cs=tinysrgb&w=600
29,raxi@mailinator.com,$2a$10$bEo8sibOs.ZdNc1IUD9SaOYNrYT0ZfwhmuheKEqua81Ul5uJHTYle,2025-04-30 13:21:48.339353,worker,https://images.pexels.com/photos/3781547/pexels-photo-3781547.jpeg?auto=compress&cs=tinysrgb&w=600
30,saqa@mailinator.com,$2a$10$g58Cp0PMrIlciUbNzTF0Lu1LQZ.Ycx/DOPs65Id0Umx//9AcSoUcG,2025-04-30 13:22:01.07756,worker,https://images.pexels.com/photos/1674752/pexels-photo-1674752.jpeg?auto=compress&cs=tinysrgb&w=600
31,zycexoxi@mailinator.com,$2a$10$qYGwVUER3LUhOhlvnsWBIOuGNKwzT/kg9uK8ZPpc/3iA7sL6Mxngu,2025-04-30 13:22:16.469741,worker,https://images.pexels.com/photos/3768146/pexels-photo-3768146.jpeg?auto=compress&cs=tinysrgb&w=600
32,gedajaga@mailinator.com,$2a$10$6BAby/N4ukmycCvtsdSNhu5AqLita4jycK3crWvCpZNN8EVb3Txo.,2025-04-30 13:22:29.72283,worker,https://images.pexels.com/photos/1130626/pexels-photo-1130626.jpeg?auto=compress&cs=tinysrgb&w=600